delete from product_types;
delete from products;
delete from characteristics;
delete from products_x_characteristics;
delete from images;


insert into product_types (
    id,
    Product_name
) values 
(1, 'iPhone SE 2022'),
(2, 'iPhone SE 2022'),
(3, 'iPhone 11'),
(4, 'iPhone 11'),
(5, 'iPhone 11'),
(6, 'iPhone 11 Pro'),
(7, 'iPhone 11 Pro'),
(8, 'iPhone 11 Pro'),
(9, 'iPhone 11 Pro Max'),
(10, 'iPhone 11 Pro Max'),
(11, 'iPhone 11 Pro Max'),
(12, 'iPhone 13 Pro'),
(13, 'iPhone 13 Pro'),
(14, 'iPhone 13 Pro'),
(15, 'iPhone 13 Pro Max'),
(16, 'iPhone 13 Pro Max'),
(17, 'iPhone 15 Pro'),
(18, 'iPhone 15 Pro'),
(19, 'iPhone 15 Pro Max'),
(20, 'iPhone 15 Pro Max');


insert into products  (
    id,
    product_type_id, 
    price, 
    discount_price, 
    guarantee, 
    rating, 
    count_review, 
    is_available, 
    store_address, 
    color, 
    brand, 
    country,
    category_id
    )
values 
-- SE 2022 128
(1,1, 35900, null, 12, 3.8, 23, 'y', null, 'Белый', 'Apple', 'Китай',2),
(2,1, 35900, null, 12, 5, 43, 'y', null, 'Красный', 'Apple', 'Китай',2),
(3,1, 35900, null, 12, 3.6, 23, 'y', null, 'Черный', 'Apple', 'Китай',2),
-- SE 2022 
(4,2, 32900, null, 12, 4.7, 43, 'y', null, 'Белый', 'Apple', 'Китай',2),
(5,2, 32900, null, 12, 3.8, 44, 'y', null, 'Красный', 'Apple', 'Китай',2),
(6,2, 32900, null, 12, 3.2, 34, 'y', null, 'Черный', 'Apple', 'Китай',2),
-- 11 -- 128
(7,3, 28700, null, 12, 4.1, 23, 'y', null, 'Белый', 'Apple', 'Китай',2),
(8,3, 28700, null, 12, 4.2, 13, 'y', null, 'Желтый', 'Apple', 'Китай',2),
(9,3, 28700, null, 12, 4.3, 43, 'y', null, 'Зеленый', 'Apple', 'Китай',2),
(10,3, 28700, null, 12, 3.9, 33, 'y', null, 'Фиолетовый', 'Apple', 'Китай',2),
(11,3, 28700, null, 12, 3.8, 23, 'y', null, 'Черный', 'Apple', 'Китай',2),
(12,3, 28700, null, 12, 3.7, 53, 'y', null, 'PRODUCT(RED)', 'Apple', 'Китай',2),
-- 11 -- 256
(13,4, 30450, null, 12, 4.1, 23, 'y', null, 'Белый', 'Apple', 'Китай',2),
(14,4, 30450, null, 12, 4.2, 13, 'y', null, 'Желтый', 'Apple', 'Китай',2),
(15,4, 30450, null, 12, 4.3, 43, 'y', null, 'Зеленый', 'Apple', 'Китай',2),
(16,4, 30450, null, 12, 3.9, 33, 'y', null, 'Фиолетовый', 'Apple', 'Китай',2),
(17,4, 30450, null, 12, 3.8, 23, 'y', null, 'Черный', 'Apple', 'Китай',2),
(18,4, 30450, null, 12, 3.7, 53, 'y', null, 'PRODUCT(RED)', 'Apple', 'Китай',2),
-- 11 -- 64
(19,5, 25990, null, 12, 4.1, 23, 'y', null, 'Белый', 'Apple', 'Китай',2),
(20,5, 25990, null, 12, 4.2, 13, 'y', null, 'Желтый', 'Apple', 'Китай',2),
(21,5, 25990, null, 12, 4.3, 43, 'y', null, 'Зеленый', 'Apple', 'Китай',2),
(22,5, 25990, null, 12, 3.9, 33, 'y', null, 'Фиолетовый', 'Apple', 'Китай',2),
(23,5, 25990, null, 12, 3.8, 23, 'y', null, 'Черный', 'Apple', 'Китай',2),
(24,5, 25990, null, 12, 3.7, 53, 'y', null, 'PRODUCT(RED)', 'Apple', 'Китай',2),
-- 11 pro -- 64
(25,6, 34700, null, 12, 4.1, 43, 'y', null, 'Серый космос', 'Apple', 'Китай',2),
(26,6, 34700, null, 12, 4.5, 34, 'y', null, 'Золотой', 'Apple', 'Китай',2),
(27,6, 34700, null, 12, 4.4, 54, 'y', null, 'Серебристый', 'Apple', 'Китай',2),
(28,6, 34700, null, 12, 3.6, 50, 'y', null, 'Темно-зеленый', 'Apple', 'Китай',2),
-- 11 pro -- 256
(29,7, 36400, null, 12, 4.2, 43, 'y', null, 'Серый космос', 'Apple', 'Китай',2),
(30,7, 36400, null, 12, 4.3, 34, 'y', null, 'Золотой', 'Apple', 'Китай',2),
(31,7, 36400, null, 12, 4.5, 54, 'y', null, 'Серебристый', 'Apple', 'Китай',2),
(32,7, 36400, null, 12, 3.9, 50, 'y', null, 'Темно-зеленый', 'Apple', 'Китай',2),
-- 11 pro -- 512
(33,8, 39560, null, 12, 4.1, 53, 'y', null, 'Серый космос', 'Apple', 'Китай',2),
(34,8, 39560, null, 12, 4.2, 44, 'y', null, 'Золотой', 'Apple', 'Китай',2),
(35,8, 39560, null, 12, 4, 23, 'y', null, 'Серебристый', 'Apple', 'Китай',2),
(36,8, 39560, null, 12, 3.4, 20, 'y', null, 'Темно-зеленый', 'Apple', 'Китай',2),
-- 11 pro max -- 256
(37,9, 40100, null, 12, 4.2, 76, 'y', null, 'Серый космос', 'Apple', 'Китай',2),
(38,9, 40100, null, 12, 4.4, 56, 'y', null, 'Золотой', 'Apple', 'Китай',2),
(39,9, 40100, null, 12, 4, 78, 'y', null, 'Серебристый', 'Apple', 'Китай',2),
(40,9, 40100, null, 12, 3, 56, 'y', null, 'Темно-зеленый', 'Apple', 'Китай',2),
-- 11 pro max -- 512
(41,10, 44200, null, 12, 4.5, 76, 'y', null, 'Серый космос', 'Apple', 'Китай',2),
(42,10, 44200, null, 12, 4.6, 56, 'y', null, 'Золотой', 'Apple', 'Китай',2),
(43,10, 44200, null, 12, 3.9, 78, 'y', null, 'Серебристый', 'Apple', 'Китай',2),
(44,10, 44200, null, 12, 3.5, 56, 'y', null, 'Темно-зеленый', 'Apple', 'Китай',2),
-- 11 pro max -- 64
(45,11, 39560, null, 12, 4, 23, 'y', null, 'Серый космос', 'Apple', 'Китай',2),
(46,11, 39560, null, 12, 3.6, 45, 'y', null, 'Золотой', 'Apple', 'Китай',2),
(47,11, 39560, null, 12, 3.4, 94, 'y', null, 'Серебристый', 'Apple', 'Китай',2),
(48,11, 39560, null, 12, 4.5, 102, 'y', null, 'Темно-зеленый', 'Apple', 'Китай',2),
-- 13 pro -- 256
(49,12, 63990, null, 12, 5, 32, 'y', null, 'Blue', 'Apple', 'Китай',2),
(50,12, 63990, null, 12, 3.2, 32, 'y', null, 'Gold', 'Apple', 'Китай',2),
(51,12, 63990, null, 12, 4.3, 32, 'y', null, 'Graphite', 'Apple', 'Китай',2),
(52,12, 63990, null, 12, 4.4, 32, 'y', null, 'Silver', 'Apple', 'Китай',2),
(53,12, 63990, null, 12, 3.4, 32, 'y', null, 'Alpine Green', 'Apple', 'Китай',2),
-- 13 pro -- 512
(54,13, 72940, null, 12, 4.3, 44, 'y', null, 'Blue', 'Apple', 'Китай',2),
(55,13, 72940, null, 12, 4.5, 34, 'y', null, 'Gold', 'Apple', 'Китай',2),
(56,13, 72940, null, 12, 3.4, 54, 'y', null, 'Graphite', 'Apple', 'Китай',2),
(57,13, 72940, null, 12, 3.9, 65, 'y', null, 'Silver', 'Apple', 'Китай',2),
(58,13, 72940, null, 12, 4.2, 74, 'y', null, 'Alpine Green', 'Apple', 'Китай',2),
-- 13 pro -- 1024 
(59,14, 77340, null, 12, 4.3, 43, 'y', null, 'Blue', 'Apple', 'Китай',2),
(60,14, 77340, null, 12, 4, 42, 'y', null, 'Gold', 'Apple', 'Китай',2),
(61,14, 77340, null, 12, 3.4, 45, 'y', null, 'Graphite', 'Apple', 'Китай',2),
(62,14, 77340, null, 12, 3.9, 65, 'y', null, 'Silver', 'Apple', 'Китай',2),
(63,14, 77340, null, 12, 4, 64, 'y', null, 'Alpine Green', 'Apple', 'Китай',2),
-- 13 pro max -- 512
(64,15, 77930, null, 12, 4.5, 12, 'y', null, 'Blue', 'Apple', 'Китай',2),
(65,15, 77930, null, 12, 4, 43, 'y', null, 'Gold', 'Apple', 'Китай',2),
(66,15, 77930, null, 12, 4.4, 43, 'y', null, 'Graphite', 'Apple', 'Китай',2),
(67,15, 77930, null, 12, 5, 54, 'y', null, 'Silver', 'Apple', 'Китай',2),
(68,15, 77930, null, 12, 3.2, 52, 'y', null, 'Alpine Green', 'Apple', 'Китай',2),
-- 13 pro max -- 1024
(69,16, 84560, null, 12, 5, 22, 'y', null, 'Blue', 'Apple', 'Китай',2),
(70,16, 84560, null, 12, 3.3, 43, 'y', null, 'Gold', 'Apple', 'Китай',2),
(71,16, 84560, null, 12, 4.3, 53, 'y', null, 'Graphite', 'Apple', 'Китай',2),
(72,16, 84560, null, 12, 4.9, 64, 'y', null, 'Silver', 'Apple', 'Китай',2),
(73,16, 84560, null, 12, 4, 72, 'y', null, 'Alpine Green', 'Apple', 'Китай',2),
-- 15 pro -- 1024
(74,17, 128400, null, 12, 5, 43, 'y', null, 'Белый Титан', 'Apple', 'Китай',2),
(75,17, 128400, null, 12, 4.5, 54, 'y', null, 'Серый Титан', 'Apple', 'Китай',2),
(76,17, 128400, null, 12, 4.9, 66, 'y', null, 'Синий Титан', 'Apple', 'Китай',2),
-- 15 pro -- 512
(77,18, 116400, null, 12, 5, 54, 'y', null, 'Белый Титан', 'Apple', 'Китай',2),
(78,18, 116400, null, 12, 4.5, 44, 'y', null, 'Серый Титан', 'Apple', 'Китай',2),
(79,18, 116400, null, 12, 4.9, 67, 'y', null, 'Синий Титан', 'Apple', 'Китай',2),
-- 15 pro max -- 1024
(80,19, 141500, null, 12, 5, 46, 'y', null, 'Белый Титан', 'Apple', 'Китай',2),
(81,19, 141500, null, 12, 5, 45, 'y', null, 'Серый Титан', 'Apple', 'Китай',2),
(82,19, 141500, null, 12, 4.4, 56, 'y', null, 'Синий Титан', 'Apple', 'Китай',2),
-- 15 pro max -- 512
(83,20, 131400, null, 12, 4.9, 64, 'y', null, 'Белый Титан', 'Apple', 'Китай',2),
(84,20, 131400, null, 12, 4.8, 74, 'y', null, 'Серый Титан', 'Apple', 'Китай',2),
(85,20, 131400, null, 12, 4.3, 87, 'y', null, 'Синий Титан', 'Apple', 'Китай',2);



insert into characteristics (
    id,
    name,
    unit_type
)
values 
(1,'Процессор', 'значение'),
(2,'Объем встроенной памяти', 'ГБ'),
(3,'Аккумулятор', 'mAh'),
(4,'Питание', 'значение'),
(5,'Материал корпуса', 'значение'),
(6,'Вес', 'г'),
(7,'Диагональ', 'дюйма'),
(8,'Разрешение', 'значение');


insert into products_x_characteristics (
    product_types_id,
    characteristics_id ,
    value
) values 
(1, 1, 'A15 Bionic'),
(1, 2, '128'),
(1, 3, '2018'),
(1, 4, 'Li-Ion'),
(1, 5, 'стекло/алюминий'),
(1, 6, '148'),
(1, 7, '4.7'),
(1, 8, '1334x750'),
(2, 1, 'A15 Bionic'),
(2, 2, '64'),
(2, 3, '2018'),
(2, 4, 'Li-Ion'),
(2, 5, 'стекло/алюминий'),
(2, 6, '148'),
(2, 7, '4.7'),
(2, 8, '1334x750'),
(3, 1, 'A13 Bionic'),
(3, 2, '128'),
(3, 3, '3510'),
(3, 4, 'Li-Ion'),
(3, 5, 'стекло/алюминий'),
(3, 6, '194'),
(3, 7, '6.1'),
(3, 8, '1792x828'),
(4, 1, 'A13 Bionic'),
(4, 2, '256'),
(4, 3, '3510'),
(4, 4, 'Li-Ion'),
(4, 5, 'стекло/алюминий'),
(4, 6, '194'),
(4, 7, '6.1'),
(4, 8, '1792x828'),
(5, 1, 'A13 Bionic'),
(5, 2, '64'),
(5, 3, '3510'),
(5, 4, 'Li-Ion'),
(5, 5, 'стекло/алюминий'),
(5, 6, '194'),
(5, 7, '6.1'),
(5, 8, '1792x828'),
(6, 1, 'A13 Bionic'),
(6, 2, '64'),
(6, 3, '3510'),
(6, 4, 'Li-Ion'),
(6, 5, 'классический'),
(6, 6, '188'),
(6, 7, '5.7'),
(6, 8, '2436x1125'),
(7, 1, 'A13 Bionic'),
(7, 2, '256'),
(7, 3, '3510'),
(7, 4, 'Li-Ion'),
(7, 5, 'классический'),
(7, 6, '188'),
(7, 7, '5.7'),
(7, 8, '2436x1125'),
(8, 1, 'A13 Bionic'),
(8, 2, '512'),
(8, 3, '3510'),
(8, 4, 'Li-Ion'),
(8, 5, 'классический'),
(8, 6, '188'),
(8, 7, '5.7'),
(8, 8, '2436x1125'),
(9, 1, 'A13 Bionic'),
(9, 2, '256'),
(9, 3, '3969'),
(9, 4, 'Li-Ion'),
(9, 5, 'классический'),
(9, 6, '188'),
(9, 7, '6.5'),
(9, 8, '2688x1242'),
(10, 1, 'A13 Bionic'),
(10, 2, '512'),
(10, 3, '3969'),
(10, 4, 'Li-Ion'),
(10, 5, 'классический'),
(10, 6, '188'),
(10, 7, '6.5'),
(10, 8, '2688x1242'),
(11, 1, 'A13 Bionic'),
(11, 2, '64'),
(11, 3, '3969'),
(11, 4, 'Li-Ion'),
(11, 5, 'классический'),
(11, 6, '188'),
(11, 7, '6.5'),
(11, 8, '2688x1242'),
(12, 1, 'A15 Bionic'),
(12, 2, '256'),
(12, 3, '3095'),
(12, 4, 'Li-Ion'),
(12, 5, 'классический'),
(12, 6, '204'),
(12, 7, '6.1'),
(12, 8, '2532x1170'),
(13, 1, 'A15 Bionic'),
(13, 2, '512'),
(13, 3, '3095'),
(13, 4, 'Li-Ion'),
(13, 5, 'классический'),
(13, 6, '204'),
(13, 7, '6.1'),
(13, 8, '2532x1170'),
(14, 1, 'A15 Bionic'),
(14, 2, '1024'),
(14, 3, '3095'),
(14, 4, 'Li-Ion'),
(14, 5, 'классический'),
(14, 6, '204'),
(14, 7, '6.1'),
(14, 8, '2532x1170'),
(15, 1, 'A15 Bionic'),
(15, 2, '512'),
(15, 3, '4350'),
(15, 4, 'Li-Ion'),
(15, 5, 'классический'),
(15, 6, '238'),
(15, 7, '6.7'),
(15, 8, '2778x1284'),
(16, 1, 'A15 Bionic'),
(16, 2, '1024'),
(16, 3, '4350'),
(16, 4, 'Li-Ion'),
(16, 5, 'классический'),
(16, 6, '238'),
(16, 7, '6.7'),
(16, 8, '2778x1284'),
(17, 1, 'A17 Bionic'),
(17, 2, '1024'),
(17, 3, '3274'),
(17, 4, 'Li-Ion'),
(17, 5, 'классический'),
(17, 6, '187'),
(17, 7, '6.1'),
(17, 8, '2778x1284'),
(18, 1, 'A17 Bionic'),
(18, 2, '512'),
(18, 3, '3274'),
(18, 4, 'Li-Ion'),
(18, 5, 'классический'),
(18, 6, '187'),
(18, 7, '6.1'),
(18, 8, '2778x1284'),
(19, 1, 'A17 Bionic'),
(19, 2, '1024'),
(19, 3, '3274'),
(19, 4, 'Li-Ion'),
(19, 5, 'титан'),
(19, 6, '221'),
(19, 7, '6.7'),
(19, 8, '3840x2160'),
(20, 1, 'A17 Bionic'),
(20, 2, '512'),
(20, 3, '3274'),
(20, 4, 'Li-Ion'),
(20, 5, 'титан'),
(20, 6, '221'),
(20, 7, '6.7'),
(20, 8, '3840x2160');



insert into images (products_id, image_link) VALUES 
(1, 'iphone_se_2022_white'),
(2, 'iphone_se_2022_red'),
(3, 'iphone_se_2022_black'),
(4, 'iphone_se_2022_white'),
(5, 'iphone_se_2022_red'),
(6, 'iphone_se_2022_black'),
(7, 'iphone_11_white'),
(8, 'iphone_11_yellow'),
(9, 'iphone_11_green'),
(10, 'iphone_11_purple'),
(11, 'iphone_11_black'),
(12, 'iphone_11_red'),
(13, 'iphone_11_white'),
(14, 'iphone_11_yellow'),
(15, 'iphone_11_green'),
(16, 'iphone_11_purple'),
(17, 'iphone_11_black'),
(18, 'iphone_11_red'),
(19, 'iphone_11_white'),
(20, 'iphone_11_yellow'),
(21, 'iphone_11_green'),
(22, 'iphone_11_purple'),
(23, 'iphone_11_black'),
(24, 'iphone_11_red'),
(25, 'iphone_11_pro_black'),
(26, 'iphone_11_pro_gold'),
(27, 'iphone_11_pro_silver'),
(28, 'iphone_11_pro_green'),
(29, 'iphone_11_pro_black'),
(30, 'iphone_11_pro_gold'),
(31, 'iphone_11_pro_silver'),
(32, 'iphone_11_pro_green'),
(33, 'iphone_11_pro_black'),
(34, 'iphone_11_pro_gold'),
(35, 'iphone_11_pro_silver'),
(36, 'iphone_11_pro_green'),
(37, 'iphone_11_pro_max_black'),
(38, 'iphone_11_pro_max_gold'),
(39, 'iphone_11_pro_max_silver'),
(40, 'iphone_11_pro_max_darkgreen'),
(41, 'iphone_11_pro_max_black'),
(42, 'iphone_11_pro_max_gold'),
(43, 'iphone_11_pro_max_silver'),
(44, 'iphone_11_pro_max_darkgreen'),
(45, 'iphone_11_pro_max_black'),
(46, 'iphone_11_pro_max_gold'),
(47, 'iphone_11_pro_max_silver'),
(48, 'iphone_11_pro_max_darkgreen'),
(49, 'iphone_13_pro_blue'),
(50, 'iphone_13_pro_gold'),
(51, 'iphone_13_pro_white'),
(52, 'iphone_13_pro_black'),
(53, 'iphone_13_pro_green'),

(54, 'iphone_13_pro_blue'),
(55, 'iphone_13_pro_gold'),
(56, 'iphone_13_pro_white'),
(57, 'iphone_13_pro_black'),
(58, 'iphone_13_pro_green'),
(59, 'iphone_13_pro_blue'),
(60, 'iphone_13_pro_gold'),
(61, 'iphone_13_pro_white'),
(62, 'iphone_13_pro_black'),
(63, 'iphone_13_pro_green'),
(64, 'iphone_13_pro_blue'),
(65, 'iphone_13_pro_gold'),
(66, 'iphone_13_pro_white'),
(67, 'iphone_13_pro_black'),
(68, 'iphone_13_pro_green'),
(69, 'iphone_13_pro_blue'),
(70, 'iphone_13_pro_gold'),
(71, 'iphone_13_pro_white'),
(72, 'iphone_13_pro_black'),
(73, 'iphone_13_pro_green'),
(74, 'iphone_15_pro_white'),
(75, 'iphone_15_pro_silver'),
(76, 'iphone_15_pro_blue'),
(77, 'iphone_15_pro_white'),
(78, 'iphone_15_pro_silver'),
(79, 'iphone_15_pro_blue'),
(80, 'iphone_15_pro_white'),
(81, 'iphone_15_pro_silver'),
(82, 'iphone_15_pro_blue'),
(83, 'iphone_15_pro_white'),
(84, 'iphone_15_pro_silver'),
(85, 'iphone_15_pro_blue');