insert into categories (
    id,
    name
) values
(3, 'computer');

insert into product_types (
    id,
    Product_name
) values 
(21, 'iMac M3'),
(22, 'iMac M1'),
(23, 'iMac Intel Core i7'),
(24, 'iMac Intel Core i5'),
(25, 'MacBook Air M1'),
(26, 'MacBook Pro M3'),
(27, 'MacBook Air M2'),
(28, 'MacBook Pro Intel Core i9'),
(29, 'MacBook Air Intel Core i5');


insert into characteristics (
    id,
    name,
    unit_type
) values 
(9,'Кол-во ядер', 'значение'),
(10,'Объем оперативной памяти', 'ГБ');


insert into products_x_characteristics (
    product_types_id,
    characteristics_id ,
    value
) values 
(21, 1, 'Apple M3'),
(21, 2, '256'),
(21, 3, '2018'),
(21, 4, 'Li-Ion'),
(21, 5, 'алюминий'),
(21, 6, '4430'),
(21, 7, '24'),
(21, 8, '4480х2520'),
(21, 9, '8'),
(21, 10, '8'),
(22, 1, 'Apple M1'),
(22, 2, '256'),
(22, 3, '2018'),
(22, 4, 'Li-Ion'),
(22, 5, 'алюминий'),
(22, 6, '4480'),
(22, 7, '24'),
(22, 8, '4480х2520'),
(22, 9, '8'),
(22, 10, '8'),
(23, 1, 'Apple Intel Core i7'),
(23, 2, '128'),
(23, 3, '2018'),
(23, 4, 'Li-Ion'),
(23, 5, 'алюминий'),
(23, 6, '8920'),
(23, 7, '27'),
(23, 8, '5120x2880'),
(23, 9, '8'),
(23, 10, '8'),
(24, 1, 'Apple Intel Core i5'),
(24, 2, '128'),
(24, 3, '2018'),
(24, 4, 'Li-Ion'),
(24, 5, 'алюминий'),
(24, 6, '9420'),
(24, 7, '27'),
(24, 8, '5120x2880'),
(24, 9, '8'),
(24, 10, '8'),
(25, 1, 'Apple M1'),
(25, 2, '256'),
(25, 3, '2018'),
(25, 4, 'Li-Ion'),
(25, 5, 'алюминий'),
(25, 6, '1290'),
(25, 7, '13.3'),
(25, 8, '2560x1600'),
(25, 9, '8'),
(25, 10, '8'),
(26, 1, 'Apple M3'),
(26, 2, '512'),
(26, 3, '2018'),
(26, 4, 'Li-Ion'),
(26, 5, 'алюминий'),
(26, 6, '1610'),
(26, 7, '14.2'),
(26, 8, '3024x1964'),
(26, 9, '11'),
(26, 10, '18'),
(27, 1, 'Apple M2'),
(27, 2, '256'),
(27, 3, '2018'),
(27, 4, 'Li-Ion'),
(27, 5, 'алюминий'),
(27, 6, '1510'),
(27, 7, '15.3'),
(27, 8, '2880x1864'),
(27, 9, '8'),
(27, 10, '8'),
(28, 1, 'Intel Core i9'),
(28, 2, '1000'),
(28, 3, '2018'),
(28, 4, 'Li-Ion'),
(28, 5, 'алюминий'),
(28, 6, '2000'),
(28, 7, '16'),
(28, 8, '3072x1920'),
(28, 9, '8'),
(28, 10, '16'),
(29, 1, 'Intel Core i5'),
(29, 2, '256'),
(29, 3, '2018'),
(29, 4, 'Li-Ion'),
(29, 5, 'алюминий'),
(29, 6, '1290'),
(29, 7, '13.3'),
(29, 8, '2560x1600'),
(29, 9, '2'),
(29, 10, '8');


insert into products  (
    id,
    product_type_id, 
    price, 
    discount_price, 
    guarantee, 
    rating, 
    count_review, 
    is_available, 
    store_address, 
    color, 
    brand, 
    country,
    category_id
) values 
(86, 21, 198999, 148999, 12, 5, 10, 1, 'y', 'Moscow, Kremlin', 'Синий', 'Apple', 'USA', 3),
(87, 21, 198999, null, 12, 5, 10, 1, 'n', null, 'Серебристый', 'Apple', 'USA', 3),
(88, 21, 198999, null, 12, 5, 10, 1, 'y', null, 'Розовый', 'Apple', 'USA', 3),
(89, 22, 188999, 138999, 12, 5, 10, 1, 'y', 'Moscow, Kremlin', 'Серый', 'Apple', 'USA', 3),
(90, 22, 188999, null, 12, 5, 10, 1, 'n', null, 'Синий', 'Apple', 'USA', 3),
(91, 22, 188999, null, 12, 5, 10, 1, 'y', null, 'Зеленый', 'Apple', 'USA', 3),
(92, 23, 178999, null, 12, 5, 10, 1, 'n', null, 'Серебристый', 'Apple', 'USA', 3),
(93, 24, 168999, null, 12, 5, 10, 1, 'n', null, 'Серебристый', 'Apple', 'USA', 3),
(94, 25, 129999, null, 12, 5, 10, 1, 'n', null, 'Серебристый', 'Apple', 'USA', 3),
(95, 26, 149999, 109999, 12, 5, 10, 1, 'y', 'Moscow, Kremlin', 'Черный', 'Apple', 'USA', 3),
(96, 27, 139999, 99999, 12, 5, 10, 1, 'y', 'Moscow, Kremlin', 'Черный', 'Apple', 'USA', 3),
(97, 27, 139999, 99999, 12, 5, 10, 1, 'y', 'Moscow, Kremlin', 'Серебристый', 'Apple', 'USA', 3),
(98, 28, 129999, null, 12, 5, 10, 1, 'n', null, 'Серебристый', 'Apple', 'USA', 3),
(99, 29, 119999, null, 12, 5, 10, 1, 'n', null, 'Серебристый', 'Apple', 'USA', 3);